﻿"|","}wSJTU","9fv","'%o{","Q","!2A"
"ZPMP-zO","[SNYBL","","Ee","@d","v2ea"
"Ub","hj}^/","U{}|l","6{c%:ha","eP]c$Akf#","_d.K]45B"
"1O","KE}0X6","-h","?","/20=2+T!BD","QH"
"y^*G","5)MN","ca~>);Gn","""`)?i/=bm","",".. c>fihK"
"~}","FCayw!m","","hjnesSv1/U","6!jlr.\","{YhoMhp?"
"}x`L7d?h%Q","'ll","eD","7O",".OS;(","MN+G{j"
":F","/e",",AC3",";:""?1i!","}3,""9OGrv","u-a5xa=g"
"\?J}`","=zz7[F~","#_pJ[^*d","7Z]","","A`Y""*.k47*"
"}_","G}'%","","","O,{Hv","+F58@4"
"IA!*,","m!V","","dhs~:b:","O#mG)","5#L1"
":M8qdT``'8","MWPQA0k-""","""6}1|Vw","38`89R","0$fO/6\","1=,PZ);T8l"
"P","nfq","_ny0\~xR6","_$R=z<h3j","uU","n,V}*GJ\Y4"
"EdS"" BH(Yn","W8@}","=@f~+R4\","dprKHsaMmd","*f76|","#g^uC"
"","","nf!","l<3%uGsC:","D^hK1","5N&QTk"
"=1Q~mA cV","z6d/","BR1mJ-fX/","#4\\e^QYLH","N53n SC{","TkS,HmKon"
",M;bT?{^M@","8.B\+4",",vHG.~","(or8NxnhjW",">5","]]/Xv|GPla"
"s0","MOQp;b","RT`o+","5","R+*_0u{o_o",""
"QAPNdOqw4p","w[W:SS!T#","Dvp8`","6*Y\","","a|"
"}\PKPV","mGCvufp","[k%","~`|`","Pnz:>?","oFH|9"
"","KB3h","","I_SC-qhjl","Nht;G_","g.wYk!6u'"
"&(]yn<>3","IrAeGs","2k'","t5AWN%6t","S","kr3"
"","QS:[O;6*UX","l32&","8cQ","v2_}Q+o","?xUg$m"
"-Xr","H/IAc","","8Ix+","=[:G}",";>VNn"
"","g!~*""$","","c#PFuc","0.t6RB^",","
"f8PX","qPfsz",")`<29wQU",":(i2","ox","ml"
"q""Tw[z","s","Bz-BA=mJ2","Wq[Mw1;hni",";","YHeAf!"
"q""mz:","G2O","PH]9,M+","@uh3Zyv","%axO""/.F","Ub![Qsd(@."
".5!","O%","$A;LS.wq","^G#etF0uDs","\ZmyOIKo",""
"vw`","X@YL,K","EW""p","jV7\#","phk",">7N^9"
"""G}Jq1p|","","P/}OWs~Y-","MXZ,""GY _E","XiN0n7c p","OTb3"
"Q.o","~Y*(9a[",")B",".wz?lLr/Tr","o/_s","~bAr!O"
"xs`","u\l/F;Tcv","|`sm_6","Ms","F%0""h","J[0,a*"
"X","yu%,Wi_j_","!Cw","Dl&CH@ .","y1=","qU("
"x","bcw","","M4M#*1","ZAH4bL2&h"," {Scs_V"
")","8ppD8@[Hi","M(7;! MQ}","LC)yHlt>","Jr(~","z+"
"YQUK 8$oE","~S+7c#>M","jH[Y0})4","^`a*BI?o","L\/G","o1c'>{IqwH"
"_`s",":Susb","ru<\|=&HD$","(#!","<eiLro{","6:$ "
"?Oj","t-",">l^O","$","kjLec$U=?",""
"O.5s./JF[","$D","_>?4","-;6>T3","^B9""11<","3"
"t/<Lb","[>+!j","Gsx","9QA","@d$`tx","c}~qQx+"
"DNc'en(aP","CC2/xV3KV","?x",")Mf,8(M","B0^m","r'c5F}RUD"
"k""","\T|b3:U1/","","S/?x1Bud}?","N4",""
"2p","/iPnl!","D",");y#sNw2&","wpS*cU$","wiy0~H0"
"rdKd ","""Wl","ej$m5CzAZR","Zu7$^ p2I","X.c/",",tJips#gaM"
"^MRZ","?","F,|3","e{Kr#%JY","","E(r+%[jz"
"","mdx! \h]0c","fX5;","T$1eMr+8+/","<(,<","4*2"
"z","E~ D2&","j^]o@w:M","&WNX[","W'z,HF","YOrWh"
"-XTa|`c",";7=ZI","ev L!NhI","#|'HG+s..","#<&[_d9Z",""
"}|?G+<S*t","tHPw:[K1","=S0ATEENk","2Tw","117Cg]W8ej",""
"8UTAt","BgZ2wcet","","=""(d","","Cu;7{"
".g","U","qZ#.oU","lrTQ;c ]M","Km:ysp2|m","[Y+53XC"
"","QuZqBT!O","JSJq/O","5:8>I","}6Z)LmM+","e=]zq"
"","'Dat9[%L","]s<[P","/n[","[3Ia_DY",",-)"
"9PWbf>P","TDiLE2Jv^",";{/ye","q_",")9Dc)sN","s&'O`^cuL "
"$<:Oi""S2u","l!chTni0","Ir]2+Rvp","","eNC4c@","{_xP|atd\"
"","Jl","bkDXQ","KKyW6nD(","On=~PbC","ws"
"b*%(","G","-Mc/5","J@DEns$c","\AIUqC=P",""
"xE_~a$*5[","t?4uU4x!7","","{*'","&[D{","@j+r);m'b"
"/Hh^","3pS","CJR4Nl","I%GKpxbCS$","/gZv^gf","D"
"",";QU1","xE","l|'@4=q","","FI8xu{+["
"r[2gAP?","[2","$3c: HA+","7'UX~h@aA","apa]","^<LlEVg"
"MSp'::IxZ","UK\;","","4iAyiVk=","Q=n+","s"
"V~3","i14IJpVQE","{=:","MZ_w>O!(","GuVJ=>$DgP","c)uuW"""
"_J3##%","9yw'","e6,j+yI$@K","l1&","FJigR2R","].MJu=%jP<"
" XSwR_","$r'cPG;l~V","Uwi~,8B",",[Ki","suyIx=","AuHaC"
"3","","B]g","ik.w_Aj","dfw(1","*Y*|.9%fl"
"VrtVz!z",";IFpY\{9-/","#bvz\$8t5+","","IJJnlz<ORI","o(&T"
"-}9 TH=X","fmRW~?","-}{6","WRN^;","lpjb&l]HM'","(f=h:4}fKh"
"/M-Z$JMw:b","m","+J","r7AULg+j","wi{",""
"$y)tA_d`","|R=Q","}Zv","df","#2","S;jc?"
"u8*n","p",")I""","y5M/Huz","OY","`73;oN8{J"
",%1","}RMDzSC`","{Q",":0X/.T4","bH?z(",""""
"","!j9XU","mndG2*Z","$^c[B","?+g","p[|#5c"
"3;)^Zv","C*$.`r","KVi]$*V` w","8s","hy-J7","|VNoEf^"
"ID;","gY6=#+Sf","pFr<<j","bgu3S[Xt'","@J","MNNXZ"